{
    "γ": 2,
    "itmax": 15,
    "likelihood_sort": true,
    "resolve": true,
    "strict": true,
    "seq_lengths": [
        1,
        1
    ],
    "pre_resolve": true,
    "rounds": 1,
    "final_no_resolve": false,
    "parallel": false,
    "nMCMC": 50,
    "sa_rep": 1,
    "Tmin": 0.05,
    "Tmax": 1,
    "nT": 100,
    "cooling_schedule": "geometric",
    "Trange": [
        1,
        0.9704869503929601,
        0.9418449208830277,
        0.9140482050108684,
        0.8870718549931568,
        0.8608916593317348,
        0.8354841210835904,
        0.8108264367721563,
        0.7868964759210002,
        0.7636727611915388,
        0.7411344491069478,
        0.7192613113449682,
        0.6980337165828195,
        0.6774326128779243,
        0.6574395105686315,
        0.6380364656795914,
        0.6192060638168893,
        0.6009314045384814,
        0.583196086185909,
        0.5659841911636727,
        0.5492802716530589,
        0.5330693357475939,
        0.5173368339976833,
        0.5020686463523606,
        0.48725106948642405,
        0.4728708045015879,
        0.4589149449906117,
        0.44537096545369176,
        0.4322267100567217,
        0.41947038172133,
        0.40709053153690444,
        0.3950760484850995,
        0.38341614946760544,
        0.3721003696282278,
        0.361118552960592,
        0.35046084319304355,
        0.34011767494256223,
        0.3300797651297513,
        0.32033810464719686,
        0.310883950273719,
        0.3017088168272582,
        0.292804469549354,
        0.2841629167143809,
        0.2757764024569082,
        0.26763739981074647,
        0.25973860395343273,
        0.25207292565009176,
        0.24463348489078893,
        0.23741360471566403,
        0.23040680522230444,
        0.223606797749979,
        0.21700747923551253,
        0.21060292673573616,
        0.20438739211159657,
        0.1983552968691535,
        0.19250122715283505,
        0.18681992888645738,
        0.18130630305764767,
        0.17595540114143832,
        0.17076242065892444,
        0.16572270086699936,
        0.160831718575299,
        0.15608508408660068,
        0.15147853725703384,
        0.14700794367256517,
        0.1426692909383278,
        0.13845868507746373,
        0.13437234703624704,
        0.13040660929235187,
        0.12655791256322083,
        0.12282280261157907,
        0.11919792714522787,
        0.11568003280833442,
        0.11226596226151804,
        0.10895265134811179,
        0.10573712634405644,
        0.10261650128895844,
        0.09958797539591654,
        0.09664883053779219,
        0.09379642880766792,
        0.09102821015130404,
        0.08834169006946854,
        0.08573445738807857,
        0.08320417209415155,
        0.08074856323562418,
        0.078365426883154,
        0.07605262415207462,
        0.07380807928272887,
        0.07162977777745735,
        0.06951576459257001,
        0.06746414238367818,
        0.06547306980281228,
        0.0635407598457967,
        0.061665478248398686,
        0.059845541929811855,
        0.058079317482077134,
        0.05636521970408557,
        0.05470171017884719,
        0.053087295892748944,
        0.05152052789556264,
        0.05000000000000002
    ]
}